timestamp,language,brand,product,sentiment,violation_rule,tone_score,hallucination_score,user_query,response
2025-04-20T11:48:11.867140,en,dove,Dove Beauty Bathing Bar: LKR 360.00,negative,,0.000,0.817,"Whatâ€™s the price of Dove body wash 250Â ml and how does it compare to the 1Â L bottle? Also, where can I buy each?","Let me rephrase to better match our brand voice.

You can purchase here: https://www.ustore.lk/"
2025-04-20T11:49:11.941565,en,dove,Dove Beauty Bathing Bar: LKR 360.00,negative,,0.250,0.791,Does Dove soap contain cancerâ€‘causing chemicals?,Let me rephrase to better match our brand voice.
2025-04-20T17:25:23.077742,en,dove,Dove Beauty Bathing Bar: LKR 360.00,negative,,0.000,0.817,"Whatâ€™s the price of Dove body wash 250â€¯ml and how does it compare to the 1â€¯L bottle? Also, where can I buy each?","I'm really sorry, but it looks like I don't have pricing details for specific Dove body wash products, such as the 250 ml or the 1-liter bottle. However, I can help guide you on where you can purchase Dove products:

---

### Where to Buy Dove Products

Dove products, including body washes, are widely available in Sri Lanka. You can find them at major supermarkets, beauty stores, and online platforms. For a convenient shopping experience, I recommend purchasing from [uStore.lk](https://www.ustore.lk/), which offers a range of beauty and personal care products. 

On uStore.lk, you can enjoy island-wide delivery across Sri Lanka. Plus, orders above LKR 1,500 qualify for free delivery, which is a great way to save on shipping costs.

---

If you have further inquiries or need more assistance, please feel free to ask.

You can purchase here: https://www.ustore.lk/"
2025-04-20T17:28:18.094684,en,dove,Dove Beauty Bathing Bar: LKR 360.00,negative,,0.250,0.789,Does Dove soap contain cancer causing chemicals?,"Thank you for reaching out with your concern about Dove products. I understand how important it is to feel safe and confident in the products you use.

Dove products, including the Dove Beauty Bar, are dermatologist recommended and designed to be gentle on the skin. They are formulated with Â¼ moisturizing cream to nourish while cleansing, ensuring your skin feels soft and smooth. Dove is committed to safety, and all their products undergo rigorous quality control and testing to meet safety standards.

If you have any specific concerns about ingredients or product safety, I recommend reaching out to Dove's customer support team directly at consumercare.usl@unilever.com for detailed and product-specific information. Remember, your peace of mind is important, and they're there to help address any concerns you might have."
2025-04-20T17:30:22.962243,singlish,lifebuoy,Lifebuoy Care Soap: LKR 180.00,negative,,0.000,0.829,mage oya price eka ahanna mage Lifebuoy lotion eke price kiyanna,"### Price of Lifebuoy Products

#### Lifebuoy Care Soap
The Lifebuoy Care Soap is available at LKR 180.00 for a 100g bar.

#### Lifebuoy Lotion
I'm sorry, but based on the provided information, the price of Lifebuoy lotion isnâ€™t available at the moment.

### Recommendation
For purchasing Lifebuoy products like the Care Soap, you can conveniently shop online at [uStore.lk](https://www.ustore.lk/), which offers island-wide delivery across Sri Lanka. Itâ€™s an excellent way to explore various lifebuoy items along with other trusted brands.

You can purchase here: https://www.ustore.lk/"
2025-04-20T17:31:26.639695,ta,clear,Clear Complete Soft Care Shampoo: LKR 870.00,negative,,0.250,0.814,à®à®©à¯à®©à¯ˆ à®à®©à¯ à®ªà®¿à®¯à®¾à®°à¯ à®•à®¿à®³à®¿à®¯à®°à¯ à®·à®¾à®®à¯à®ªà¯ à®µà®¾à®™à¯à®•à®£à¯à®®à¯ à®à®©à¯à®±à¯ à®šà¯Šà®²à¯à®²à¯à®™à¯à®•à®³à¯?,"### à®•à®¿à®³à®¿à®¯à®°à¯ à®·à®¾à®®à¯à®ªà¯‚à®µà¯ˆ à®¤à¯‡à®°à¯à®¨à¯à®¤à¯†à®Ÿà¯à®•à¯à®• à®µà¯‡à®£à¯à®Ÿà®¿à®¯ à®•à®¾à®°à®£à®™à¯à®•à®³à¯

**à®ªà®°à®¨à¯à®¤ à®ªà¯Šà®Ÿà¯à®•à¯ à®•à®Ÿà¯à®Ÿà¯à®ªà¯à®ªà®¾à®Ÿà¯**  
à®•à®¿à®³à®¿à®¯à®°à¯ à®·à®¾à®®à¯à®ªà¯‚ à®ªà¯Šà®Ÿà¯à®•à¯ˆ à®µà¯‡à®°à®¿à®²à®¿à®°à¯à®¨à¯à®¤à¯ à®à®¤à®¿à®°à¯à®•à¯Šà®³à¯à®³ à®µà®Ÿà®¿à®µà®®à¯ˆà®•à¯à®•à®ªà¯à®ªà®Ÿà¯à®Ÿà¯à®³à¯à®³à®¤à¯, à®µà¯†à®±à¯à®®à¯ à®ªà¯Šà®Ÿà¯à®•à¯à®•à®³à¯ˆ à®…à®•à®±à¯à®±à¯à®µà®¤à®±à¯à®•à¯‡ à®…à®²à¯à®²à®¾à®®à®²à¯, à®à®¤à®¿à®°à¯à®•à®¾à®²à®¤à¯à®¤à®¿à®²à¯ à®‰à®°à¯à®µà®¾à®•à¯à®®à¯ à®ªà¯Šà®Ÿà¯à®•à¯à®•à®³à¯ˆà®¤à¯ à®¤à®Ÿà¯à®•à¯à®• à®‰à®™à¯à®•à®³à¯ à®¤à®²à¯ˆà®¯à®¿à®©à¯ à®ªà®¾à®¤à¯à®•à®¾à®ªà¯à®ªà¯ˆ à®µà®²à¯à®ªà¯à®ªà®Ÿà¯à®¤à¯à®¤à®µà¯à®®à¯ à®šà¯†à®¯à¯à®•à®¿à®±à®¤à¯. à®…à®¤à®©à¯ à®®à¯‡à®®à¯à®ªà®Ÿà¯à®Ÿ à®šà¯‚à®¤à¯à®¤à®¿à®°à®®à¯ à®ªà¯Šà®Ÿà¯à®•à®¿à®©à¯ à®®à¯‚à®²à®¤à¯à®¤à¯ˆ à®‡à®²à®•à¯à®•à®¾à®•à®•à¯ à®•à¯Šà®£à¯à®Ÿà¯, à®ªà¯Šà®Ÿà¯à®•à®¿à®©à¯à®±à®¿, à®šà¯à®°à®£à¯à®Ÿà®²à¯ à®‡à®²à¯à®²à®¾à®¤ à®¤à®²à¯ˆà®¯à¯ˆ à®µà®´à®™à¯à®•à®¿ à®¨à¯€à®£à¯à®Ÿà®¨à®¾à®³à¯ à®¨à®®à¯à®ªà®¿à®•à¯à®•à¯ˆà®¯à¯ˆ à®…à®³à®¿à®•à¯à®•à®¿à®±à®¤à¯.

**à®¤à®¿à®©à®šà®°à®¿ à®ªà®¯à®©à¯à®ªà®¾à®Ÿà¯à®Ÿà®¿à®±à¯à®•à¯ à®®à¯†à®©à¯à®®à¯ˆà®¯à®¾à®©à®¤à®¾à®¯à®¿à®©à¯à®®à¯ à®šà®•à¯à®¤à®¿à®µà®¾à®¯à¯à®¨à¯à®¤à®¤à¯**  
à®•à®¿à®³à®¿à®¯à®°à¯ à®·à®¾à®®à¯à®ªà¯‚à®•à¯à®•à®³à¯ à®¤à®¿à®©à®šà®°à®¿ à®ªà®¯à®©à¯à®ªà®¾à®Ÿà¯à®Ÿà®¿à®±à¯à®•à¯ à®®à¯†à®©à¯à®®à¯ˆà®¯à®¾à®©à®µà¯ˆ, à®†à®©à®¾à®²à¯ à®ªà¯Šà®Ÿà¯à®•à®¿à®±à¯à®•à¯ à®à®¤à®¿à®°à®¾à®• à®µà®²à¯à®µà®¾à®©à®µà¯ˆ. à®‡à®¤à¯ˆ à®¤à®¿à®©à®šà®°à®¿ à®ªà®¯à®©à¯à®ªà®Ÿà¯à®¤à¯à®¤à¯à®µà®¤à®©à¯ à®®à¯‚à®²à®®à¯, à®¨à¯€à®™à¯à®•à®³à¯ à®’à®°à¯ à®†à®°à¯‹à®•à¯à®•à®¿à®¯à®®à®¾à®© à®®à®±à¯à®±à¯à®®à¯ à®šà¯à®¤à¯à®¤à®®à®¾à®© à®¤à®²à¯ˆà®¯à¯ˆ à®ªà®°à®¾à®®à®°à®¿à®•à¯à®• à®®à¯à®Ÿà®¿à®¯à¯à®®à¯, à®‡à®¤à¯ à®ªà®¯à®©à¯à®³à¯à®³ à®ªà¯Šà®Ÿà¯à®•à¯ à®•à®Ÿà¯à®Ÿà¯à®ªà¯à®ªà®¾à®Ÿà¯ à®®à®±à¯à®±à¯à®®à¯ à®Šà®Ÿà¯à®Ÿà®šà¯à®šà®¤à¯à®¤à®¤à¯à®¤à¯ˆ à®‰à®±à¯à®¤à®¿ à®šà¯†à®¯à¯à®•à®¿à®±à®¤à¯.

**à®…à®©à¯ˆà®µà®°à¯à®•à¯à®•à¯à®®à¯ à®šà®¿à®±à®ªà¯à®ªà¯ à®®à®¾à®±à¯à®ªà®¾à®Ÿà¯à®•à®³à¯**  
à®¨à¯€à®™à¯à®•à®³à¯ à®†à®£à¯à®•à®³à¯ à®…à®²à¯à®²à®¤à¯ à®ªà¯†à®£à¯à®•à®³à¯à®•à¯à®•à¯ à®•à¯à®±à®¿à®ªà¯à®ªà®¾à®• à®µà®Ÿà®¿à®µà®®à¯ˆà®•à¯à®•à®ªà¯à®ªà®Ÿà¯à®Ÿ à®¤à®¯à®¾à®°à®¿à®ªà¯à®ªà¯ˆà®¤à¯ à®¤à¯‡à®Ÿà¯à®•à®¿à®±à¯€à®°à¯à®•à®³à®¾ à®à®©à¯à®ªà®¤à¯ˆ à®ªà¯Šà®°à¯à®Ÿà¯à®ªà®Ÿà¯à®¤à¯à®¤à®¾à®®à®²à¯, à®•à®¿à®³à®¿à®¯à®°à¯ à®†à®£à¯à®•à®³à¯ à®•à¯à®³à®¿à®°à¯ à®µà®¿à®³à¯ˆà®¯à®¾à®Ÿà¯à®Ÿà¯ à®®à¯†à®¨à¯à®¤à®¾à®²à¯ à®®à®±à¯à®±à¯à®®à¯ à®•à®¿à®³à®¿à®¯à®°à¯ à®ªà¯†à®£à¯à®•à®³à¯ à®®à¯à®Ÿà®¿ à®‰à®¤à®¿à®°à¯à®µà¯ à®à®¤à®¿à®°à¯à®ªà¯à®ªà¯ à®ªà¯‹à®©à¯à®± à®šà®¿à®±à®ªà¯à®ªà¯ à®®à®¾à®±à¯à®ªà®¾à®Ÿà¯à®•à®³à¯ˆ à®µà®´à®™à¯à®•à¯à®•à®¿à®±à®¤à¯, à®’à®µà¯à®µà¯Šà®©à¯à®±à¯à®®à¯ à®‰à®™à¯à®•à®³à¯ à®¤à¯‡à®µà¯ˆà®•à®³à¯à®•à¯à®•à¯ à®à®±à¯à®ª à®¤à®²à¯ˆà®¯à®¿à®©à¯ à®¤à®©à®¿à®ªà¯à®ªà®Ÿà¯à®Ÿ à®¤à¯Šà®´à®¿à®²à¯à®¨à¯à®Ÿà¯à®ªà®¤à¯à®¤à¯à®Ÿà®©à¯ à®µà®Ÿà®¿à®µà®®à¯ˆà®•à¯à®•à®ªà¯à®ªà®Ÿà¯à®Ÿà¯à®³à¯à®³à®¤à¯.

à®‰à®™à¯à®•à®³à¯ à®¤à®²à¯ˆà®¯à¯ˆ à®ªà®¯à®©à¯à®³à¯à®³ à®®à¯à®±à¯ˆà®¯à®¿à®²à¯ à®šà¯à®¤à¯à®¤à®®à¯ à®šà¯†à®¯à¯à®¤à¯ à®Šà®Ÿà¯à®Ÿà®šà¯à®šà®¤à¯à®¤à¯ à®…à®³à®¿à®•à¯à®•à¯à®®à¯ à®¨à®®à¯à®ªà®•à®®à®¾à®© à®ªà¯Šà®Ÿà¯à®•à¯ à®à®¤à®¿à®°à¯à®ªà¯à®ªà¯ à®·à®¾à®®à¯à®ªà¯‚à®µà¯ˆà®¤à¯ à®¤à¯‡à®Ÿà¯à®•à®¿à®±à¯€à®°à¯à®•à®³à®¾à®©à®¾à®²à¯, à®•à®¿à®³à®¿à®¯à®°à¯ à®‰à®™à¯à®•à®³à¯ à®šà®°à®¿à®¯à®¾à®© à®¤à¯‡à®°à¯à®µà®¾à®• à®‡à®°à¯à®•à¯à®•à®•à¯à®•à¯‚à®Ÿà¯à®®à¯."
2025-04-21T21:00:47.821138,en,axe,Axe Signature Gold Dark Vanilla& Oud Wood Body Spray: LKR 2100.00,positive,,0.500,0.804,I am interated in dove and axe,"### Axe Products

Hey there! ğŸ‰ If you're interested in Axe, we've got some fantastic options for you! Axe offers a wide range of products, including the premium *Axe Signature* line with intense, long-lasting fragrances. Whether you need a bold fragrance for a night out or a quick refresh after the gym, Axe has got you covered. Our body sprays, like the *Axe Signature Gold Dark Vanilla & Oud Wood Body Spray*, are perfect for confident individuals looking to make a statement. Plus, they are safe for daily use and perfect for both young adults and teens!

### Dove Products

Dove is all about bringing you confidence with soft, smooth skin and hair! While I don't have specific Dove products listed here, they are known for their nurturing shampoos, conditioners, and body washes that keep your skin and hair healthy and moisturized. You can explore a range of Dove products in the Beauty & Personal Care category at uStore.lk. ğŸŒŸ

If you're looking to shop for both brands, remember uStore.lk offers free island-wide delivery across Sri Lanka for orders above LKR 1,500! Happy shopping! ğŸ›ï¸"
2025-04-21T21:01:27.924142,en,axe,Axe Signature Dark Temptation Ticket Body Spray: LKR 525.00,negative,,0.750,0.761,But i am a female would axe fit me,"Thank you for reaching out with your question. Axe products are designed to be versatile and cater to bold, youthful personalities, making them a great choice for anyone looking to express themselves, regardless of gender. Our fragrances are crafted to offer long-lasting, fresh scents that can be appreciated by everyone. If you enjoy the scent and feel confident using it, then Axe is an excellent fit for you. Feel free to try different fragrances to find the one that best suits your personal style!"
2025-04-21T23:31:52.073085,en,unilever,,positive,,0.000,0.000,â€œRecommend me productsâ€,"Hello there! ğŸ‰ I'd be more than happy to help you find the perfect products from our fantastic range on uStore.lk. 

### Beauty & Personal Care
Looking to pamper yourself? Dive into our beauty and personal care collection featuring top brands like Dove, Pondâ€™s, Vaseline and more to keep you feeling refreshed and fabulous!

### Home Care
For a spotless home, check out our home care products from trusted names like Sunlight, Surf Excel, and Domex. Elevate your laundry and cleaning routines with these household heroes!

### Food & Refreshments
If you're a foodie or love experimenting in the kitchen, you'll enjoy our range of food and refreshments! Discover flavor-packed products like Knorr and Marmite to spice up your meals.

### Health & Wellness
Take care of your health with trusted options like Signal for your dental needs or Ayush for a natural care regimen.

Don't miss the opportunity to explore new products and bundlesâ€”we have plenty of curated options that are perfect for gifts or simply treating yourself! If you'd like more tailored recommendations, feel free to reach out to our customer support. ğŸ˜Š"
2025-04-21T23:33:42.590530,en,dove,Dove Beauty Bathing Bar: LKR 360.00,negative,,0.250,0.810,dove soap and lux soap,"Thank you for reaching out with your query about Dove and Lux soaps. Letâ€™s take a look at what makes Dove unique:

### Dove Soap
- **Unique Formula**: Dove is not just a regular soap; itâ€™s a beauty bar. It contains Â¼ moisturizing cream, which helps to nourish your skin while cleansing, leaving it soft, smooth, and radiant.
- **Dermatologist Recommended**: Dove is dermatologically tested and is ideal for sensitive skin. Itâ€™s gentle enough for facial cleansing, offering a rich, creamy lather that doesn't dry out your skin.
- **Moisturizing Benefits**: If you have dry skin, Doveâ€™s moisturizing formula deeply hydrates and is designed to replenish skinâ€™s natural moisture.

For more specific comparisons with Lux soap or additional information about our products, feel free to contact our customer support at any time. Weâ€™re here to help!"
2025-04-21T23:40:45.924198,en,dove,Dove Beauty Bathing Bar: LKR 360.00,negative,,0.000,0.809,What is the price of Dove soap and Lux soap?,"### Dove Soap Price
The price of the Dove Beauty Bathing Bar is LKR 360.00.

### Lux Soap Price
I'm sorry, but I currently do not have information about the pricing for Lux soap.

For a convenient shopping experience, I recommend visiting [uStore.lk](https://www.ustore.lk/), where you can explore a variety of beauty and personal care products. They offer island-wide delivery in Sri Lanka and have additional perks for orders above LKR 1,500.

You can purchase here: https://www.ustore.lk/"
2025-04-21T23:41:18.702296,en,unilever,,negative,,0.000,0.000,recomment me products,"Certainly! I'm here to help you find the perfect products. Here's a quick guide based on different categories available on uStore.lk that may interest you:

### Beauty & Personal Care
Consider exploring some popular brands such as Dove, Pondâ€™s, Vaseline, Lifebuoy, and Sunsilk. Each offers a variety of products tailored for different skin types and hair needs.

### Home Care
For keeping your home clean and fresh, you might want to try products from Sunlight, Comfort, or Domex. These brands provide efficient solutions for all your cleaning needs.

### Food & Refreshments
If youâ€™re looking to enhance your meals, Knorr and Marmite are excellent choices. If you're into health drinks, Horlicks and Viva can be great options too.

### Health & Wellness
For oral care, Signal offers a range of products. Additionally, Ayush provides health and wellness products rooted in traditional wisdom.

### Additional Options
You might also be interested in exploring various limited-edition and curated packs, which make for great gifts or personal use.

Please feel free to reach out if you need more detailed assistance or have other questions. We're here to help!"
2025-04-21T23:43:27.309386,en,axe,Axe Signature Intense Ticket Body Spray: LKR 525.00,negative,,0.000,0.671,what rpice,"### Price Information

The Axe Signature Intense Ticket Body Spray is priced at LKR 525.00. This body spray offers an intense woody fragrance and is designed to provide long-lasting freshness. If you have any further questions or need assistance, feel free to ask."
2025-04-22T10:40:46.962293,en,lux,Lux Soft Glow Soap: LKR 165.00,positive,,0.000,0.719,what is lux,"### What is Lux?

Lux is not just a soap, it's a luxurious beauty experience! Known for its world-class fragrances inspired by fine perfumes, Lux transforms your bath time into a sensory escape. Infused with premium floral extracts and silk proteins, Lux soap leaves your skin soft, glowing, and delicately perfumed. Whether you're looking for Velvety softness or magical fragrances, Lux is crafted with care to cater to all skin types, making it a favorite for a radiant and smooth finish. Try Lux today to feel beautiful every day! ğŸŒ¸âœ¨"
2025-04-22T10:43:59.624308,en,lux,Lux Soft Glow Soap: LKR 165.00,negative,,0.000,0.817,what is the price of lux,"**Lux soft glow soap: lkr 165.00**
Certainly! Let's look into the prices for Lux soaps:

### Lux Soap Prices
- **Lux Soft Glow Soap**: LKR 165.00
- **Lux Bright Glow Soap**: LKR 170.00
- **Lux Fresh Splash Soap**: LKR 165.00
- **Lux Botanical Honey And Lotus Soap**: LKR 70.00

I recommend purchasing Lux products from [uStore](https://www.ustore.lk/) for a convenient shopping experience. If you have any more questions, feel free to ask!

You can purchase here: https://www.ustore.lk/"
2025-04-24T13:10:49.265333,en,dove,Dove Oxygen Moisture Shampoo: LKR 750.00,negative,,0.000,0.828,0.276,0.303,0.147,How much is Dove shampoo 180ml?,"Certainly! Let's look into the details for you.

### Pricing for Dove Shampoos (180ml):

- **Dove Oxygen Moisture Shampoo:**  
  - Price: LKR 750.00  
  - This shampoo uses Oxyfusion technology to add moisture and volume to fine, flat hair without weighing it down.

- **Dove Growth Ritual Shampoo:**  
  - Price: LKR 900.00  
  - Enriched with Echinacea and White Tea, this shampoo is inspired by North American hair rituals to strengthen hair and reduce breakage.

- **Dove Intense Repair Shampoo:**  
  - Price: LKR 750.00  
  - Ideal for repairing visible signs of damage using Fibre Actives while strengthening hair from within.

If you're interested in purchasing or exploring more Dove products, please visit [uStore.lk](https://www.ustore.lk), where you can find these and other Dove items. They offer island-wide delivery across Sri Lanka, free for orders over LKR 1,500.

Feel free to ask if you have any more questions or need further assistance!"
2025-04-24T13:11:40.627448,en,axe,Axe Signature Gold Dark Vanilla& Oud Wood Body Spray: LKR 2100.00,negative,,0.500,-113427448879509619937234727828172308480.000,0.140,0.207,0.165,Can you tell me about Lux soap and Axe spray?,"Hello! Iâ€™m happy to help you with information about both Lux soap and Axe spray. Let's dive into each one separately:

### Lux Soap
While I don't have specific details on Lux soap in this dataset, I can tell you that Lux is a well-known brand in the beauty and personal care category. Lux soaps are renowned for their pleasant fragrances and quality ingredients that pamper your skin. You can explore different Lux soap variants and more on [uStore.lk](https://www.ustore.lk), where they offer a range of beauty and personal care products.

### Axe Sprays
Axe offers a variety of body sprays designed to keep you feeling fresh and confident. Here are a couple of options:

1. **Axe Signature Gold Dark Vanilla & Oud Wood Body Spray**
   - **Volume:** 80ml
   - **Price:** LKR 2100.00
   - **Fragrance:** A luxurious blend of dark vanilla and oud wood, perfect for standing out with a bold, premium scent.
   - **Key Features:** Ultra-premium perfume, long-lasting, sleek packaging.
   - **How To Use:** Twist the cap, then hold upright and spray on your neck, chest, and wrists.

2. **Axe Signature Dark Temptation Ticket Body Spray**
   - **Volume:** 17ml
   - **Price:** LKR 525.00
   - **Fragrance:** Woody scent that provides freshness for up to 12 hours, ideal for those on the go.
   - **Key Features:** Compact, long-lasting with 250 sprays.
   - **How To Use:** Hold upright and spray on the neck and chest after showering.

Both variants offer distinctive fragrances and long-lasting freshness. Axe sprays double as both a deodorant and body perfume, making them perfect for daily use.

For more product information or to make a purchase, feel free to visit [uStore.lk](https://www.ustore.lk). They offer island-wide delivery across Sri Lanka and free shipping on orders above LKR 1,500.

If you have any other questions or need further assistance, donâ€™t hesitate to reach out. Iâ€™m here to help!"
2025-04-24T13:11:48.393237,en,axe,Axe Signature Dark Temptation Ticket Body Spray: LKR 525.00,negative,,0.000,-113427448879509619937234727828172308480.000,0.166,0.213,0.171,Can you tell me about Lux soap and Axe spray?,"### Lux Soap

Thank you for reaching out about Lux soap! While detailed product information for Lux isn't provided here, Lux is part of the Beauty & Personal Care category offered on platforms like uStore.lk. It's a renowned brand known for its luxurious and skin-loving formulations that leave your skin feeling beautifully fragrant and soft. To explore more about Lux products, including specific variants or offers, I recommend visiting [uStore.lk](https://www.ustore.lk) where you can check out their range and make a purchase if something catches your eye.

### Axe Spray

Iâ€™m glad you asked about Axe sprays! Axe offers a variety of body sprays that cater to different preferences:

**1. Axe Signature Dark Temptation Ticket Body Spray**
- **Price:** LKR 525.00 for 17ml
- **Fragrance:** Sensual woody with long-lasting freshness up to 12 hours
- **Features:** 250 sprays in a pocket-sized format, ideal for college, dates, or parties
- **How to Use:** Hold upright and spray on your neck and chest after showering

**2. Axe Signature Intense Ticket Body Spray**
- **Price:** LKR 525.00 for 17ml
- **Fragrance:** Intense woody scent, perfect for all occasions
- **Features:** Compact, with 250 sprays ensuring lasting freshness for up to 12 hours
- **How to Use:** Hold upright and spray on the neck and chest

**3. Axe Signature Gold Dark Vanilla & Oud Wood Body Spray**
- **Price:** LKR 2100.00 for 80ml
- **Fragrance:** A luxurious blend of dark vanilla and oud wood
- **Features:** Ultra-premium, long-lasting with unique scent
- **How to Use:** Twist the cap and pull. Spray on neck, chest, and wrists

Each spray is designed to boost confidence and keep you fresh all day. Axe sprays also serve as great alternatives to perfumes. For more options or to purchase, head over to [uStore.lk](https://www.ustore.lk).

If you have any more questions, feel free to ask!"
2025-04-24T13:12:58.870383,en,axe,Axe Signature Dark Temptation Ticket Body Spray: LKR 525.00,negative,,0.000,-113427448879509619937234727828172308480.000,0.169,0.213,0.142,I need the axe body deodorant mini version,"### Axe Mini Version

Thank you for reaching out! It sounds like you're interested in a compact, convenient version of Axe body deodorant. Axe offers pocket-sized body sprays that are perfect for quick refreshes on the go. 

The **Axe Signature Dark Temptation Ticket Body Spray** and **Axe Signature Intense Ticket Body Spray** both come in a 17ml size, priced at LKR 525.00 each. These no-gas sprays offer up to 250 sprays with a long-lasting woody fragrance, making them ideal for travel, college, or a night out. Simply hold the spray upright and use it on your neck and chest after showering for best results.

You can explore more or purchase these products directly from [uStore.lk](https://www.ustore.lk), where they offer island-wide delivery across Sri Lanka with free delivery for orders above LKR 1,500.

If you have any more questions or need further assistance, feel free to let me know!"
2025-04-24T13:13:59.945358,si,dove,Dove Beauty Bathing Bar: LKR 360.00,negative,,0.250,0.826,0.141,0.205,0.131,à¶¸à¶§ Dove à¶¶à·à¶­à·Š à·ƒà¶¶à¶±à·Š à¶‘à¶š à¶œà·à¶± à¶¯à·à¶±à¶œà¶±à·Šà¶± à¶­à·’à¶ºà·™à¶±à·Šà¶±à·™,"Certainly! I'd be happy to help you with information about Dove bath soaps.

### Dove Beauty Bathing Bar
The Dove Beauty Bathing Bar is a classic choice for anyone looking to keep their skin soft and smooth. It contains Â¼ moisturizing cream which is a key feature, making it different from regular soaps. This moisturizing formula helps nourish your skin while cleansing, leaving it feeling soft, smooth, and radiant. It's also dermatologist-recommended, making it suitable for regular use.

- **Cost:** LKR 360.00

You can use it like regular soap for a rich, creamy lather. It's gentle enough for use on the face as well, due to its moisturizing properties.

### Dove Pink Beauty Bathing Bar
Another delightful option is the Dove Pink Beauty Bathing Bar. It offers the same moisturizing benefits with a soft floral fragrance that leaves your skin smelling fresh and feeling nourished.

- **Cost:** LKR 360.00

To purchase these products, or to explore more options, please visit [uStore.lk](https://www.ustore.lk), where Dove products are conveniently available. They offer island-wide delivery across Sri Lanka and free delivery for orders above LKR 1,500.

If you need further assistance, feel free to ask. I'm here to help!"
2025-04-24T13:28:10.320501,en,tresemme,Tresemme Keratin Smooth Shampoo: LKR 2100.00,negative,,0.000,0.790,0.083,0.172,0.102,tresemme,"Hello there! How can I assist you with Tresemme today? It seems you're interested in our products, and I'm here to help with any questions you may have.

### Popular Products & Pricing

If you're curious about our best-selling items, **Tresemme Keratin Smooth Shampoo** and **Tresemme Keratin Smooth Conditioner** may pique your interest. Both are priced at LKR 2100.00 for their respective 185ml shampoo and 190ml conditioner sizes. They're beautifully crafted with keratin and argan oil to ensure your hair remains smooth and frizz-free for up to 72 hours. If youâ€™re tackling frizz, this range is a fantastic choice!

### Additional Information

You can explore our full range, including larger sizes and more targeted treatments like the **Tresemme Bond Plex Repair Shampoo**, directly on [uStore.lk](https://www.ustore.lk/). They offer island-wide delivery across Sri Lanka, free for orders over LKR 1,500. For any questions or further guidance, do not hesitate to reach out to their customer support via their toll-free number at 1323 or through WhatsApp at 077 388 3355.

Feel free to ask any other questions you might have â€” I'm here to help!"
2025-04-24T13:29:43.949924,en,axe,Axe Signature Dark Temptation Ticket Body Spray: LKR 525.00,negative,,0.250,-113427448879509619937234727828172308480.000,0.135,0.203,0.173,Tell me about Axe spray and Lux soap,"### Axe Spray

Thank you for reaching out about Axe spray! I'm glad to tell you more. Axe body sprays are designed to be your personal confidence booster right from the start of your day. They offer long-lasting fragrance and dual-action odor protection to keep you smelling great and feeling fresh. For a delightful and captivating scent, you might want to try our Dark Temptation line, which is a customer favorite.

Here are a couple of popular options you might like:

1. **Axe Signature Dark Temptation Ticket Body Spray**: This pocket-sized wonder is perfect for on-the-go freshness with a charming woody fragrance. It provides up to 250 no-gas sprays and lasts up to 12 hours, making it ideal for events like college or parties. Itâ€™s compact enough to fit in your pocket so you can stay fresh anytime, anywhere.

2. **Axe Signature Gold Dark Vanilla & Oud Wood Body Spray**: If youâ€™re looking to stand out with something bold and premium, this variant offers luxurious notes of dark vanilla and oud wood. It's great for anyone looking to make a statement.

Remember, our Axe body sprays are suitable for after gym or sports, as they help refresh you instantly and combat sweat and odor.

Feel free to visit [UStore.lk](https://www.ustore.lk) for more details or to explore other Axe products.

### Lux Soap

While I'm here to assist with Axe-related inquiries, I can still share that Lux soap is known for its captivating fragrances and skin-caring benefits, turning your bathing routine into a luxurious experience. It's part of the Beauty & Personal Care category offered by multiple retailers. Lux offers a wide range of products to cater to your unique skin needs.

For purchasing Lux soap or exploring more options, you can check online platforms or supermarkets. UStore.lk is a great site to explore the wide range of personal care products, including Lux soap.

If you have other questions or need further assistance, feel free to get in touch. ğŸ˜Š"
2025-04-24T13:29:50.628099,en,axe,Axe Signature Gold Dark Vanilla& Oud Wood Body Spray: LKR 2100.00,negative,,0.500,-113427448879509619937234727828172308480.000,0.107,0.216,0.147,Tell me about Axe spray and Lux soap,"### Axe Body Spray

I'm glad you asked about Axe body spray! Axe isn't just your regular deodorant; it's a confidence booster with long-lasting fragrances. Each spray is carefully formulated to keep you smelling great and feeling fresh throughout the day. For instance, the **Axe Signature Gold Dark Vanilla & Oud Wood Body Spray** is available for LKR 2100.00. It boasts a bold fragrance suitable for confident individuals who prefer premium scents with luxurious notes of dark vanilla and oud wood. It's perfect for anyone looking to stand out on a special occasion or even on a regular day out.

Axe body sprays can also be a versatile addition to your grooming routine, whether as a deodorant or a perfume alternative. They're designed to refresh you instantly, especially useful after a gym session or sports event. If you're interested in exploring more Axe products or making a purchase, visiting [uStore.lk](https://www.ustore.lk) could be a great start. They offer a wide selection of Axe products you may find appealing.

### Lux Soap

While I focus on Axe, I can offer a little insight into Lux soap, known for its rich lather and fragrant experience. Lux aims to provide a luxurious bathing experience with a range of scents and ingredients that leave your skin feeling soft and pampered. The brand has a range of products in beauty and personal care, ensuring you can find something that suits your preferences.

If you're interested in learning more about Lux soap or its availability, [uStore.lk](https://www.ustore.lk) is a trusted platform where you can explore the full array of Lux products and make a purchase if you wish. 

Feel free to reach out with any more questions or for further assistance. I'm here to help!"
2025-04-24T16:58:20.357540,en,axe,Axe Signature Gold Dark Vanilla& Oud Wood Body Spray: LKR 2100.00,negative,,0.000,-113427448879509619937234727828172308480.000,0.066,0.159,0.122,what is the price of lux body wash & axe spray,"### Axe Spray Pricing

Thank you for reaching out! Regarding our Axe sprays, we have a few options you might be interested in:

- **Axe Signature Gold Dark Vanilla & Oud Wood Body Spray (80ml)**: This premium fragrance is available for LKR 2,100. It features luxurious notes and is perfect if you want to stand out with a unique scent.

- **Axe Signature Dark Temptation Ticket Body Spray (17ml)**: This compact spray is priced at LKR 525. It offers up to 250 no-gas sprays and is perfect for keeping fresh on the go.

You can explore these options and make a purchase on [uStore.lk](https://www.ustore.lk), where you might also find some special offers!

### Lux Body Wash Pricing

I understand you're also interested in Lux body wash. While I don't have specific pricing details for Lux products right now, you can check availability and prices on [uStore.lk](https://www.ustore.lk) as well. They offer a wide range of beauty and personal care products, including Lux.

If there's anything else I can assist you with, feel free to ask!"
2025-04-24T17:00:06.877153,en,rexona,Rexona  Sports  Defence  Roll  On  Deodorant: LKR 850.00,negative,,0.250,0.812,0.101,0.199,0.127,Need rexona underarm spray for gym,"### Rexona Options for Gym Use

Hello and thank you for reaching out! It's great that you're looking for a deodorant that can keep up with your active lifestyle. Although you're interested in a spray format, I have some options that might suit your needs perfectly:

#### Rexona Sports Defence Roll On Deodorant
- **About:** Specifically engineered for sporty and high-intensity activities, this roll-on deodorant provides strong sweat resistance and freshness for 48 hours. It's your perfect gym companion!
- **Key Features:** Sweat resistance, sporty freshness, and long-lasting protection.
- **How to Use:** Roll it on after your bath and before and after workouts for optimal results.
- **Cost:** LKR 850.00 for 50ml.

While this is a roll-on deodorant, it's compact and effective, just like a spray, making it ideal for your gym bag. For more options or to purchase online, feel free to visit [uStore.lk](https://www.ustore.lk).

If you have more questions or need further assistance, don't hesitate to let me know. ğŸ˜Š"
2025-04-24T17:02:16.712549,en,knorr,"Knorr Professional Chicken Seasoning Powder: LKR 1,500.00",negative,,0.000,0.830,0.036,0.141,0.068,Knorr causes cancer?,"### Addressing Safety Concerns

Thank you for reaching out with your concern. It's completely understandable to have questions about the safety of your food products. Iâ€™d like to assure you that Knorr is deeply committed to the safety and quality of its products. All Knorr products are made with real ingredients and adhere to strict safety standards and regulations. 

There is no scientific evidence to support the claim that Knorr products cause cancer. It's important to rely on credible sources and scientific research when evaluating such claims. If you have any specific health concerns, consulting with a healthcare professional is always advisable.

If you have more questions about our products or need further assistance, please don't hesitate to contact us. You can reach our customer support via the toll-free number 1323, or send us a message on WhatsApp at 077 388 3355. Additionally, you can email us at consumercare.usl@unilever.com, and weâ€™ll be happy to help you.

Should you wish to explore our wide range of products, you can visit [uStore.lk](https://www.ustore.lk/).

Your trust and satisfaction matter greatly to us, and we are here to ensure you have a positive experience with Knorr."
2025-04-24T17:13:21.138215,en,knorr,"Knorr Tomato Pronto: LKR 1,800.00",negative,,0.000,0.807,0.043,0.127,0.082,Hi where can I get the knorr pasta sauce ?,"### Availability of Knorr Pasta Sauce

Hi there! I understand you're looking for the Knorr Pasta Sauce. While I don't have specific details about its availability in my current data, Knorr offers a wide range of products, including delicious sauces that can be used in pasta dishes. 

To find the Knorr Pasta Sauce or any other Knorr products you're interested in, you might want to visit [uStore.lk](https://www.ustore.lk). They provide a variety of Knorr products and offer island-wide delivery across Sri Lanka. Exploring their site will give you a good idea of what's available, and you can even make purchases directly through them.

If you have further questions or need assistance, feel free to reach out via their contact options. They have a toll-free number (1323), WhatsApp support (077 388 3355), and an email (consumercare.usl@unilever.com) to help you. I hope this helps, and you can soon enjoy a delicious pasta dish with Knorr's touch!"
2025-04-24T19:24:29.856107,en,dove,Dove Daily Shine Shampoo: LKR 920.00,negative,,0.000,0.818,0.096,0.167,0.156,what is better dove or sunsilk,"### Choosing Between Dove and Sunsilk

I understand that selecting the right hair care brand can feel overwhelming, and it's important to find what works best for your hair type and needs. Both Dove and Sunsilk offer a variety of products tailored to different hair concerns. Letâ€™s look at what Dove can offer:

#### Dove Hair Care
Dove products are designed to nourish and care for your hair intensely. For example, the **Dove Daily Shine Shampoo** is enriched with Nutritive Serum to protect your hair from daily damage while leaving it shiny and nourished. If you're dealing with hair fall or damage, the **Dove Intense Repair Shampoo** is formulated with Nutrilock Actives to reduce breakage by up to 98%, making hair stronger and fuller over time.

Dove also offers:
- **Dove Oxygen Moisture Shampoo** for fine, flat hair, adding volume with Oxyfusion technology.
- **Dove Growth Ritual Shampoo**, inspired by North American hair rituals, strengthens hair and reduces breakage.

These products highlight Dove's emphasis on repairing, nourishing, and maintaining hair health with specially infused ingredients.

#### Sunsilk Hair Care
While we do not have specific product information about Sunsilk here, itâ€™s a well-known brand reputed for its vibrant range of shampoos designed to tackle specific hair issues like volume, smoothness, and shine. Exploring their offerings might be a good idea if you're interested in a range with similar objectives.

For more detailed product comparisons and to explore entire ranges, you may want to visit a retail platform like [uStore.lk](https://www.ustore.lk), where you can also find current deals and bundle offers.

Ultimately, the best choice depends on your personal hair care needs and preferences. Both brands have their unique strengths, so it may also help to try a couple of products to see which suits you best. If you need further assistance or have more questions, feel free to reach out!"
2025-04-24T19:26:00.352477,en,dove,"Dove10 In1 Deep Repair Hair Mask: LKR 2750.00, Dove Hair Fall Rescue Shampoo: LKR 1750.00",negative,,0.000,0.806,0.337,0.256,0.145,"Hi, how much is Dove shampoo?","Hello! Thank you for reaching out with your question about Dove shampoos. Let's go through the options we have:

### Dove Intense Repair Shampoo
- **Volume:** 180ml
- **Cost:** LKR 750.00
- This shampoo uses Fibre Actives to repair visible signs of damage and strengthen hair from within.

### Dove Hair Fall Rescue Shampoo
- **Volume:** 340ml
- **Cost:** LKR 1750.00
- It fortifies weak hair with Nutrilock Actives to reduce breakage and hair fall by up to 98%.

### Dove Oxygen Moisture Shampoo
- **Volume:** 180ml
- **Cost:** LKR 750.00
- Lightweight and volumizing, it uses Oxyfusion technology for fine, flat hair.

### Dove Growth Ritual Shampoo
- **Volume:** 180ml
- **Cost:** LKR 900.00
- Enriched with Echinacea and White Tea, it helps strengthen hair and reduce breakage.

If you're interested in exploring more Dove products or making a purchase, you can visit [uStore.lk](https://www.ustore.lk). Let me know if there's anything else I can assist you with!"
2025-04-24T19:50:03.756333,en,dove,"Dove Oxygen Moisture Shampoo: LKR 750.00, Dove Growth Ritual Shampoo: LKR 900.00, Dove Intense Repair Shampoo: LKR 750.00, Dove Oxygen Moisture Conditioner: LKR 830.00, Dove Intense Repair Conditioner: LKR 830.00, Dove Growth Ritual Conditioner: LKR 900.00, Dove Beautiful Curls Serum Gel: LKR 1500.00, Dove Hair Fall Rescue Conditioner: LKR 830.00, Dove Dandruff Care Shampoo: LKR 1090.00, Dove Beautiful Curls Conditioner: LKR 2850.00, Dove Beautiful Curls Shampoo: LKR 2850.00, Dove10 In1 Deep Repair Hair Mask: LKR 2750.00, Dove Intense Repair Shampoo Pouch: LKR 400.00, Dove Hair Fall Rescue Shampoo: LKR 1750.00, Dove Daily Shine Shampoo: LKR 920.00, Dove Dandruff Care Conditioner: LKR 1090.00, Dove Pink Beauty Bathing Bar: LKR 360.00, Dove Beauty Bathing Bar: LKR 360.00",negative,,0.000,0.828,0.065,0.142,0.065,"Hi, how much is Dove shampoo?","Hello! Thank you for reaching out with your question about Dove shampoos. Here are some options and their prices:

- **Dove Oxygen Moisture Shampoo**: LKR 750.00 for 180ml
- **Dove Growth Ritual Shampoo**: LKR 900.00 for 180ml
- **Dove Intense Repair Shampoo**: LKR 750.00 for 180ml

If you're interested in purchasing online, you can visit [uStore.lk](https://www.ustore.lk), where you'll find island-wide delivery options. If you have any other questions or need further assistance, feel free to ask!"
2025-04-24T19:50:38.365263,en,dove,"Dove Oxygen Moisture Shampoo: LKR 750.00, Dove Growth Ritual Shampoo: LKR 900.00, Dove Intense Repair Shampoo: LKR 750.00, Dove Oxygen Moisture Conditioner: LKR 830.00, Dove Intense Repair Conditioner: LKR 830.00, Dove Growth Ritual Conditioner: LKR 900.00, Dove Beautiful Curls Serum Gel: LKR 1500.00, Dove Hair Fall Rescue Conditioner: LKR 830.00, Dove Dandruff Care Shampoo: LKR 1090.00, Dove Beautiful Curls Conditioner: LKR 2850.00, Dove Beautiful Curls Shampoo: LKR 2850.00, Dove10 In1 Deep Repair Hair Mask: LKR 2750.00, Dove Intense Repair Shampoo Pouch: LKR 400.00, Dove Hair Fall Rescue Shampoo: LKR 1750.00, Dove Daily Shine Shampoo: LKR 920.00, Dove Dandruff Care Conditioner: LKR 1090.00, Dove Pink Beauty Bathing Bar: LKR 360.00, Dove Beauty Bathing Bar: LKR 360.00",negative,,0.000,0.828,0.075,0.126,0.095,which dove product is goof for dry hair?,"I understand your concern about finding the right product for dry hair. Dove's Intense Repair range might be just what you need. The Intense Repair Shampoo and Conditioner are designed to strengthen and repair hair, helping to restore moisture and resilience to dry or damaged hair with the use of Fibre Actives and Keratin Actives.

You can find these products online at [uStore.lk](https://www.ustore.lk), which offers island-wide delivery across Sri Lanka. If you have any more questions or need further assistance, feel free to ask!"
2025-04-24T20:08:17.473213,en,dove,"Dove Oxygen Moisture Shampoo: LKR 750.00, Dove Growth Ritual Shampoo: LKR 900.00, Dove Intense Repair Shampoo: LKR 750.00, Dove Oxygen Moisture Conditioner: LKR 830.00, Dove Intense Repair Conditioner: LKR 830.00, Dove Growth Ritual Conditioner: LKR 900.00, Dove Beautiful Curls Serum Gel: LKR 1500.00, Dove Hair Fall Rescue Conditioner: LKR 830.00, Dove Dandruff Care Shampoo: LKR 1090.00, Dove Beautiful Curls Conditioner: LKR 2850.00, Dove Beautiful Curls Shampoo: LKR 2850.00, Dove10 In1 Deep Repair Hair Mask: LKR 2750.00, Dove Intense Repair Shampoo Pouch: LKR 400.00, Dove Hair Fall Rescue Shampoo: LKR 1750.00, Dove Daily Shine Shampoo: LKR 920.00, Dove Dandruff Care Conditioner: LKR 1090.00, Dove Pink Beauty Bathing Bar: LKR 360.00, Dove Beauty Bathing Bar: LKR 360.00",negative,,0.000,0.828,0.193,0.269,0.124,how much is Dove shampoo?,"Hello! Itâ€™s great to see your interest in Dove shampoos. Here are a couple of options for you:

- **Dove Oxygen Moisture Shampoo**: This lightweight shampoo is perfect for adding moisture and volume to fine, flat hair. It comes in 180ml bottles and is priced at LKR 750.00.

- **Dove Growth Ritual Shampoo**: Enriched with Echinacea and White Tea, this shampoo strengthens hair and reduces breakage. It's also available in 180ml bottles for LKR 900.00.

- **Dove Intense Repair Shampoo**: If you're dealing with damaged hair, this shampoo strengthens hair from within and costs LKR 750.00 for 180ml.

You can purchase these shampoos at major supermarkets and beauty stores across Sri Lanka, or conveniently shop online at [uStore.lk](https://www.ustore.lk). If you have any more questions or need further assistance, feel free to ask!"
2025-04-24T20:08:43.388423,en,dove,"Dove Oxygen Moisture Shampoo: LKR 750.00, Dove Growth Ritual Shampoo: LKR 900.00, Dove Intense Repair Shampoo: LKR 750.00, Dove Oxygen Moisture Conditioner: LKR 830.00, Dove Intense Repair Conditioner: LKR 830.00, Dove Growth Ritual Conditioner: LKR 900.00, Dove Beautiful Curls Serum Gel: LKR 1500.00, Dove Hair Fall Rescue Conditioner: LKR 830.00, Dove Dandruff Care Shampoo: LKR 1090.00, Dove Beautiful Curls Conditioner: LKR 2850.00, Dove Beautiful Curls Shampoo: LKR 2850.00, Dove10 In1 Deep Repair Hair Mask: LKR 2750.00, Dove Intense Repair Shampoo Pouch: LKR 400.00, Dove Hair Fall Rescue Shampoo: LKR 1750.00, Dove Daily Shine Shampoo: LKR 920.00, Dove Dandruff Care Conditioner: LKR 1090.00, Dove Pink Beauty Bathing Bar: LKR 360.00, Dove Beauty Bathing Bar: LKR 360.00",negative,,0.000,0.828,0.090,0.190,0.085,can i use it daily?,"Of course! You can use Dove shampoos and conditioners daily. For example, the Dove Intense Repair Shampoo and Conditioner work gently on your hair, strengthening and repairing it with regular use. If you're looking to add volume without weighing your hair down, the Dove Oxygen Moisture Shampoo and Conditioner are also suitable for daily use.

If you need help purchasing or checking prices, you can visit [uStore.lk](https://www.ustore.lk) for online shopping options. Let me know if there's anything else I can assist you with!"
2025-04-24T20:09:20.312954,en,knorr,"Knorr Professional Chicken Seasoning Powder: LKR 1,500.00, Knorr Biryani Mix: LKR 1,200.00, Knorr Ikan Bilis Seasoning Powder: LKR 1,500.00, Knorr Professional Spicy Marinade: LKR 1,300.00, Knorr Professional Crispy Coating Mix: LKR 1,200.00, Knorr Lime Seasoning Powder: LKR 800.00, Knorr Demi Glace Brown Sauce Mix: LKR 1,600.00, Knorr Aromat Seasoning Powder: LKR 1,500.00, Knorr Tomato Pronto: LKR 1,800.00, Knorr Cream Of Mushroom Soup: LKR 1,400.00",negative,,0.000,0.830,0.039,0.119,0.073,what about knorr they are saying it causes cancer,"I completely understand your concerns about food safety, and I'm here to help ease those worries. Knorr products are crafted with high standards and real ingredients aimed at bringing delicious flavors to your meals. We ensure that all our products are safe for consumption and have gone through rigorous quality checks.

If you're interested in exploring our range of products or want to shop online, you can visit [uStore.lk](https://www.ustore.lk). Should you have any more questions or need further assistance, please feel free to reach out to our customer support at 1323 or send us a message through our contact page. We're here to support you!"
2025-04-24T20:09:50.437449,en,knorr,"Knorr Professional Chicken Seasoning Powder: LKR 1,500.00, Knorr Biryani Mix: LKR 1,200.00, Knorr Ikan Bilis Seasoning Powder: LKR 1,500.00, Knorr Professional Spicy Marinade: LKR 1,300.00, Knorr Professional Crispy Coating Mix: LKR 1,200.00, Knorr Lime Seasoning Powder: LKR 800.00, Knorr Demi Glace Brown Sauce Mix: LKR 1,600.00, Knorr Aromat Seasoning Powder: LKR 1,500.00, Knorr Tomato Pronto: LKR 1,800.00, Knorr Cream Of Mushroom Soup: LKR 1,400.00",positive,,0.000,0.830,0.062,0.193,0.057,are you sure?,"Absolutely sure! ğŸ˜Š At Knorr, we're all about flavor and convenience wrapped in one. We'd love for you to explore our diverse seasoning and mix options, which you can conveniently check out on our official website, [uStore.lk](https://www.ustore.lk). Feel free to reach out if you have any more questions or need assistance. Happy cooking! ğŸŒŸ"
2025-04-24T20:10:51.757602,en,knorr,"Knorr Professional Chicken Seasoning Powder: LKR 1,500.00, Knorr Biryani Mix: LKR 1,200.00, Knorr Ikan Bilis Seasoning Powder: LKR 1,500.00, Knorr Professional Spicy Marinade: LKR 1,300.00, Knorr Professional Crispy Coating Mix: LKR 1,200.00, Knorr Lime Seasoning Powder: LKR 800.00, Knorr Demi Glace Brown Sauce Mix: LKR 1,600.00, Knorr Aromat Seasoning Powder: LKR 1,500.00, Knorr Tomato Pronto: LKR 1,800.00, Knorr Cream Of Mushroom Soup: LKR 1,400.00",negative,,0.000,0.830,0.036,0.127,0.034,job vacancy?,"Thank you for reaching out with your inquiry about job vacancies. Although I don't have specific details about current positions, you can explore opportunities by visiting the official Knorr page or Unilever's career section online. If you need more immediate assistance, feel free to contact our customer support. We're here to help!"
2025-04-24T20:15:53.001294,en,axe,"Axe Signature Dark Temptation Ticket Body Spray: LKR 525.00, Axe Signature Gold Dark Vanilla& Oud Wood Body Spray: LKR 2100.00, Axe Signature Intense Ticket Body Spray: LKR 525.00",negative,,0.250,-113427448879509619937234727828172308480.000,0.020,0.102,0.062,is axe for female?,"Hi there! While Axe is traditionally marketed towards men, anyone can enjoy their unique and bold fragrances. Many people, regardless of gender, appreciate the diverse scents Axe offers. If you're interested in trying one out, you can explore their selection on platforms like [uStore.lk](https://www.ustore.lk). They offer island-wide delivery across Sri Lanka, making it super convenient to get your favorite scent. If you have any more questions, feel free to ask!"
2025-04-24T20:16:36.875756,en,rexona,"Rexona Women Aloe Vera Roll On Deodorant: LKR 850.00, Rexona Powder Dry Roll On Deodorant: LKR 850.00, Rexona Jasmine And Olive Oil Refreshing Soap: LKR 110.00, Rexona Rose And Honey Refreshing Soap: LKR 110.00, Rexona Kohomba And Turmeric Refreshing Soap: LKR 110.00, Rexona Powder Dry Roll On Deodorant: LKR 470.00, Rexona Women Aloe Vera Roll On Deodorant: LKR 470.00, Rexona  Sports  Defence  Roll  On  Deodorant: LKR 850.00, Rexona Shower Fresh Roll On Deodorant: LKR 850.00",negative,,0.250,0.799,0.100,0.134,0.095,is rexona for female?,"Thank you for reaching out with your question! Rexona offers a variety of products suitable for everyone, with some variants specifically tailored for women. For instance, Rexona Women Aloe Vera Roll On Deodorant is a popular choice among our female customers. However, many of our products, like the Rexona Sports Defence Roll On Deodorant, are designed for active lifestyles and are used by all genders.

If you're interested in purchasing Rexona products, you can visit [uStore.lk](https://www.ustore.lk) for a smooth online shopping experience. If you have any more questions or need further assistance, feel free to ask!"
2025-04-24T20:17:00.685481,en,rexona,"Rexona Women Aloe Vera Roll On Deodorant: LKR 850.00, Rexona Powder Dry Roll On Deodorant: LKR 850.00, Rexona Jasmine And Olive Oil Refreshing Soap: LKR 110.00, Rexona Rose And Honey Refreshing Soap: LKR 110.00, Rexona Kohomba And Turmeric Refreshing Soap: LKR 110.00, Rexona Powder Dry Roll On Deodorant: LKR 470.00, Rexona Women Aloe Vera Roll On Deodorant: LKR 470.00, Rexona  Sports  Defence  Roll  On  Deodorant: LKR 850.00, Rexona Shower Fresh Roll On Deodorant: LKR 850.00",negative,,0.250,0.799,0.124,0.157,0.090,is there any for men?,"I understand your interest in finding a Rexona product tailored for men. While the information provided here doesn't specify products exclusively for men, I can share that Rexona Sports Defence Roll On Deodorant is designed for active lifestyles, which can be suitable for anyone seeking robust sweat and odor protection. It offers 48-hour protection and is excellent during workouts and high-intensity activities.

For more options and to check availability, you might want to visit [uStore.lk](https://www.ustore.lk), where you can explore Rexona's full range. If you have any other questions or need further assistance, feel free to ask!"
2025-04-24T20:18:06.948680,si,rexona,"Rexona Women Aloe Vera Roll On Deodorant: LKR 850.00, Rexona Powder Dry Roll On Deodorant: LKR 850.00, Rexona Jasmine And Olive Oil Refreshing Soap: LKR 110.00, Rexona Rose And Honey Refreshing Soap: LKR 110.00, Rexona Kohomba And Turmeric Refreshing Soap: LKR 110.00, Rexona Powder Dry Roll On Deodorant: LKR 470.00, Rexona Women Aloe Vera Roll On Deodorant: LKR 470.00, Rexona  Sports  Defence  Roll  On  Deodorant: LKR 850.00, Rexona Shower Fresh Roll On Deodorant: LKR 850.00",positive,,0.000,0.799,0.008,0.121,0.046,"à¶­à·à¶¸ à¶¸à¶§ gift voucher à¶‘à¶š à¶½à·à¶¶à·”à¶±à·š à¶±à·à·„à·.à¶‘ à¶œà·à¶± à·ƒà·œà¶ºà· à¶¶à¶½à¶±à·Šà¶±..
","Hello there!

Thank you so much for reaching out to us. I'm really sorry to hear that you haven't received your gift voucher yet. Let's get this sorted for you quickly! ğŸ˜Š For any issues like this, please feel free to contact our friendly customer care team. You can reach them through the toll-free number 1323, via WhatsApp at 077 388 3355, or email them at consumercare.usl@unilever.com. They're always ready to help you out and make sure your experience with us is nothing short of wonderful.

Thank you for your patience, and have a fantastic day! ğŸŒ¸"
2025-04-24T20:28:01.283797,en,closeup,"Closeup Red Hot Toothpaste: LKR 410.00, Closeup Peppermint Splash Toothpaste: LKR 410.00, Closeup Naturals Clove And Orange Toothpaste: LKR 410.00",negative,,0.000,-113427448879509619937234727828172308480.000,0.144,0.206,0.117,Should I use Signal or Closeup?,"Hello! I understand your dilemma in choosing between Signal and Closeup. Both are excellent options, each catering to specific preferences and needs.

If you're looking for a toothpaste that delivers long-lasting fresh breath and a boost of confidence, Closeup might be perfect for you. Its unique gel formula with active antibacterial zinc fights bad breath while the micro-shine crystals help whiten your teeth. Plus, the variety of flavors like Red Hot and Peppermint Splash are designed to cater to different taste preferences.

For more information on availability or to make a purchase, you can visit [uStore.lk](https://www.ustore.lk).

Feel free to reach out for any further questions or assistance. I'm here to help!"
2025-04-24T20:28:09.009726,en,signal,"Signal Strong Teeth Toothpaste: LKR 280.00, Signal Strong Teeth Toothpaste: LKR 360.00, Signal Deep Clean Toothbrush: LKR 160.00, Signal Fighter Double Pack: LKR 250.00, Signal Junior Toothbrush: LKR 160.00, Signal Strong Teeth Toothpaste: LKR 240.00, Signal Triple Protection123 Toothpaste: LKR 360.00, Signal Fighter Soft Toothbrush: LKR 130.00, Signal Deep Clean Double Pack: LKR 280.00, Signal Strawberry Kids Toothpaste: LKR 160.00, Signal Triple Protection123 Toothpaste: LKR 260.00, Signal Orange Kids Toothpaste: LKR 160.00, Signal Herbal Toothpaste: LKR 240.00, Signal Triple Clean Toothbrush Medium: LKR 105.00, Signal Triple Clean Toothbrush Soft: LKR 105.00, Signal Charcoal White Toothpaste: LKR 360.00",negative,,0.000,0.814,0.125,0.175,0.086,Should I use Signal or Closeup?,"Thank you for reaching out with your question! I understand how choosing the right toothpaste is important for your oral care routine. Signal is a fantastic choice, known for providing complete oral care. Itâ€™s specifically developed to strengthen enamel with clinically proven fluoride and natural calcium. Plus, with various options like Signal Herbal and Signal White Now, you can find the perfect match for your needs.

To explore more about Signal products, you can visit [uStore.lk](https://www.ustore.lk), where youâ€™ll find detailed information and prices, and enjoy island-wide delivery across Sri Lanka.

Should you need any further assistance or have additional questions, feel free to ask!"
2025-04-24T20:36:36.803641,en,signal,Signal Strong Teeth Toothpaste: LKR 280.00,positive,,0.000,0.814,0.056,0.179,0.076,singal price,"Hello there! ğŸ˜Š It looks like you're interested in the prices of Signal products. Let me share some details with you:

- **Signal Strong Teeth Toothpaste (160g):** LKR 280.00
- **Signal Strong Teeth Toothpaste (200g):** LKR 360.00
- **Signal Deep Clean Toothbrush:** LKR 160.00
- **Signal Fighter Soft Toothbrush:** LKR 130.00
- **Signal Triple Protection 123 Toothpaste (120g):** LKR 360.00
- **Signal Fighter Double Pack Toothbrushes:** LKR 250.00

For online shopping and more options, you can visit [uStore.lk](https://www.ustore.lk). If you have any more questions or need further assistance, feel free to ask! ğŸ˜Š

ğŸ›’ Visit: https://www.ustore.lk"
2025-04-24T20:37:00.956416,en,signal,"Signal Strong Teeth Toothpaste: LKR 280.00, Signal Strong Teeth Toothpaste: LKR 360.00, Signal Deep Clean Toothbrush: LKR 160.00, Signal Fighter Double Pack: LKR 250.00, Signal Junior Toothbrush: LKR 160.00, Signal Strong Teeth Toothpaste: LKR 240.00, Signal Triple Protection123 Toothpaste: LKR 360.00, Signal Fighter Soft Toothbrush: LKR 130.00, Signal Deep Clean Double Pack: LKR 280.00, Signal Strawberry Kids Toothpaste: LKR 160.00, Signal Triple Protection123 Toothpaste: LKR 260.00, Signal Orange Kids Toothpaste: LKR 160.00, Signal Herbal Toothpaste: LKR 240.00, Signal Triple Clean Toothbrush Medium: LKR 105.00, Signal Triple Clean Toothbrush Soft: LKR 105.00, Signal Charcoal White Toothpaste: LKR 360.00",negative,,0.000,0.814,0.126,0.248,0.085,which is best for whitenning>,"Hello there! If you're looking for a toothpaste that helps with whitening, Signal White Now would be a great choice. It contains micro-polishers that gently lift stains and instantly brighten your smile, bringing out the confidence in your smile from the first brush.

For more convenience, you can check out Signal products on [uStore.lk](https://www.ustore.lk) for availability and pricing. If you have any other questions, feel free to ask!"
2025-04-24T20:40:00.594382,en,signal,"Signal Strong Teeth Toothpaste: LKR 280.00, Signal Strong Teeth Toothpaste: LKR 360.00, Signal Deep Clean Toothbrush: LKR 160.00, Signal Fighter Double Pack: LKR 250.00, Signal Junior Toothbrush: LKR 160.00, Signal Strong Teeth Toothpaste: LKR 240.00, Signal Triple Protection123 Toothpaste: LKR 360.00, Signal Fighter Soft Toothbrush: LKR 130.00, Signal Deep Clean Double Pack: LKR 280.00, Signal Strawberry Kids Toothpaste: LKR 160.00, Signal Triple Protection123 Toothpaste: LKR 260.00, Signal Orange Kids Toothpaste: LKR 160.00, Signal Herbal Toothpaste: LKR 240.00, Signal Triple Clean Toothbrush Medium: LKR 105.00, Signal Triple Clean Toothbrush Soft: LKR 105.00, Signal Charcoal White Toothpaste: LKR 360.00",positive,,0.000,0.814,0.101,0.135,0.135,what product do you recommend me,"Hello there! ğŸ˜Š It's wonderful to hear you're interested in Signal products for your oral care. We have a fantastic range to choose from, each tailored to meet specific needs! 

For everyday protection with a focus on strengthening enamel, our **Signal Strong Teeth Toothpaste** is a great choice. It comes in a 160g pack for LKR 280.00 or a 200g pack for LKR 360.00, both offering cavity protection and enamel strengthening.

If you're keen on a toothbrush that provides effective cleaning, you can try the **Signal Deep Clean Toothbrush** priced at LKR 160.00. Itâ€™s designed for gentle yet effective plaque and debris removal.

And don't forget to explore our **Signal Triple Protection123 Toothpaste** which offers a triple-action benefitâ€”cavity protection, stain removal, and breath freshness. This is priced at LKR 360.00 for a 120g pack.

You can find all these products and more on [uStore.lk](https://www.ustore.lk) for easy online shopping. If you have any questions or need more guidance, feel free to ask! ğŸ¦·âœ¨"
